channel,biomarker,n_ad,n_cn,ad_mean,ad_median,cn_mean,cn_median,mean_difference_ad_minus_cn,mann_whitney_u,p_value,rank_biserial_effect,fdr_q_value,significant_fdr_0_05
C3,delta_alpha_ratio,36,29,96.47231917911105,98.89603042602539,87.59682056821626,91.09878540039062,8.875498610894795,666.0,0.05825955554115387,0.27586206896551735,0.08805137371560755,False
C3,relative_alpha_power,36,29,0.015417313487786386,0.013540489133447409,0.018004741423345846,0.01609784923493862,-0.0025874279355594595,378.0,0.05825955554115387,-0.27586206896551724,0.08805137371560755,False
C3,relative_beta_power,36,29,0.0036954417656589714,0.0035292243119329214,0.003942166840464905,0.0036410409957170486,-0.0002467250748059333,454.0,0.3730453124323966,-0.13026819923371646,0.4100415417645351,False
C3,relative_delta_power,36,29,0.9267286343706979,0.9305298328399658,0.9265842787150679,0.9293723702430725,0.00014435565562997965,500.0,0.7766164974203399,-0.04214559386973182,0.8133070406055528,False
C3,relative_theta_power,36,29,0.05415861215442419,0.05230502970516682,0.051468800496438455,0.050631895661354065,0.0026898116579857356,697.0,0.02128782532603373,0.3352490421455938,0.037750410244833145,True
C3,slow_fast_ratio,36,29,78.53101306491428,81.83229446411133,71.07320219894936,72.30908966064453,7.457810865964916,676.0,0.04279474390718501,0.29501915708812265,0.06941098706897081,False
C3,theta_alpha_ratio,36,29,4.265082057979372,4.470036268234253,3.645422840940541,3.6507680416107178,0.6196592170388309,765.0,0.0013732162277651128,0.4655172413793103,0.003804953297765833,True
C4,delta_alpha_ratio,36,29,95.98349157969157,100.10323715209961,88.05755786238045,92.01881408691406,7.925933717311125,640.0,0.12099201325356042,0.2260536398467432,0.15932611646260927,False
C4,relative_alpha_power,36,29,0.015626288562392194,0.013555866666138172,0.017801165420176655,0.01618296466767788,-0.0021748768577844607,398.0,0.10314294069523382,-0.23754789272030652,0.1414227949738773,False
C4,relative_beta_power,36,29,0.0036883748123525744,0.0034827974159270525,0.003963214264989927,0.0037482448387891054,-0.00027483945263735276,453.0,0.3660058351212847,-0.13218390804597702,0.4056564672594239,False
C4,relative_delta_power,36,29,0.9266170114278793,0.9307773411273956,0.9269492091803715,0.9304482340812683,-0.0003321977524921582,478.0,0.5659268635571622,-0.08429118773946365,0.6070022004282466,False
C4,relative_theta_power,36,29,0.054068373826642833,0.05296768806874752,0.0512864015482623,0.05073283240199089,0.0027819722783805345,725.0,0.007532190829624289,0.38888888888888884,0.014951960900597468,True
C4,slow_fast_ratio,36,29,78.21073934766981,80.47574234008789,71.21325394202923,72.39817810058594,6.997485405640589,669.0,0.05319553618498935,0.2816091954022988,0.08323536838357158,False
C4,theta_alpha_ratio,36,29,4.229761673344506,4.396415710449219,3.6612777915494195,3.8412277698516846,0.5684838817950868,757.0,0.0019704661920090984,0.4501915708812261,0.004944754783720946,True
Cz,delta_alpha_ratio,36,29,96.23525068495009,98.54620361328125,89.15016161162278,91.2340316772461,7.08508907332731,637.0,0.13078009345427985,0.22030651340996177,0.16887138280989533,False
Cz,relative_alpha_power,36,29,0.015261215131936802,0.014007789548486471,0.017300903283316512,0.014893141575157642,-0.0020396881513797104,399.0,0.1059631080802184,-0.23563218390804597,0.14380707525172498,False
Cz,relative_beta_power,36,29,0.0038120492503771353,0.003359290538355708,0.003983369651089968,0.003343820571899414,-0.00017132040071283269,518.0,0.9631597886664748,-0.007662835249042099,0.97045645373213,False
Cz,relative_delta_power,36,29,0.9268084002865685,0.9294361472129822,0.9269810195626884,0.9301038980484009,-0.0001726192761198897,484.0,0.6206850133657893,-0.07279693486590033,0.6604088542211998,False
Cz,relative_theta_power,36,29,0.05411836598068476,0.05326068215072155,0.05173467908953798,0.050238773226737976,0.0023836868911467773,699.0,0.019846674136109393,0.3390804597701149,0.03567037378516959,True
Cz,slow_fast_ratio,36,29,77.992248111301,80.0252571105957,72.41778189560463,73.97954559326172,5.574466215696361,643.0,0.11178667466377765,0.23180076628352486,0.14867627730282426,False
Cz,theta_alpha_ratio,36,29,4.232616689470079,4.390747547149658,3.719020025483493,3.8715338706970215,0.5135966639865863,729.0,0.00642746622301906,0.39655172413793105,0.013151584733254385,True
F3,delta_alpha_ratio,36,29,82.3865459230211,83.60540008544922,76.23587845111716,71.9225845336914,6.150667471903944,597.0,0.3255281657986049,0.14367816091954033,0.3732348797518487,False
F3,relative_alpha_power,36,29,0.01877675386559632,0.015369166620075703,0.022603036964247966,0.020641086623072624,-0.0038262830986516456,397.0,0.10038278147540862,-0.23946360153256707,0.13907197850238903,False
F3,relative_beta_power,36,29,0.0049403857556171715,0.0046172598376870155,0.004902320143220754,0.004338790196925402,3.806561239641775e-05,508.0,0.8585999092865599,-0.026819923371647514,0.878413753347019,False
F3,relative_delta_power,36,29,0.9153946588436762,0.9209834337234497,0.9213706604365645,0.9246053099632263,-0.005976001592888247,379.0,0.06003411063607649,-0.2739463601532567,0.0897138956696424,False
F3,relative_theta_power,36,29,0.06088818878763252,0.05673331022262573,0.051124005353656306,0.05043472349643707,0.009764183433976212,820.0,8.635367342612731e-05,0.5708812260536398,0.0005776856463289168,True
F3,slow_fast_ratio,36,29,65.56455426745944,67.61088180541992,60.922541322379274,58.606502532958984,4.642012945080168,599.0,0.31270869773579035,0.14750957854406122,0.36482681402508876,False
F3,theta_alpha_ratio,36,29,4.18413543370035,4.203905820846558,3.101851537309844,2.936859369277954,1.0822838963905057,791.0,0.0003950945724641679,0.5153256704980842,0.0013473737984034443,True
F4,delta_alpha_ratio,36,29,83.65521505143907,84.08759689331055,73.9597330422237,82.4017562866211,9.695482009215368,626.0,0.17198037322058823,0.1992337164750957,0.2137699966199835,False
F4,relative_alpha_power,36,29,0.018115340628557734,0.015472587663680315,0.023942610505839873,0.018805142492055893,-0.005827269877282139,376.0,0.054841052976215804,-0.27969348659003834,0.08481232611438026,False
F4,relative_beta_power,36,29,0.005098685958526201,0.004430359927937388,0.004951992658255943,0.004073391202837229,0.00014669330027025727,528.0,0.9421384629977094,0.011494252873563315,0.9565222563259187,False
F4,relative_delta_power,36,29,0.9171227034595277,0.9210740923881531,0.9198148415006441,0.9270569682121277,-0.002692138041116343,430.0,0.22723711899882215,-0.1762452107279694,0.27475033478948496,False
F4,relative_theta_power,36,29,0.059663251559767455,0.05588262341916561,0.0512905579445691,0.050659649074077606,0.008372693615198358,816.0,0.00010738970319358464,0.5632183908045978,0.0006492195693066708,True
F4,slow_fast_ratio,36,29,66.07006931304932,67.26071166992188,59.141783549867824,61.403709411621094,6.928285763181492,622.0,0.18915568658635706,0.1915708812260537,0.23294172514801378,False
F4,theta_alpha_ratio,36,29,4.153142299917009,4.192253112792969,3.0393236793320755,2.9431371688842773,1.1138186205849339,803.0,0.00021415936915871353,0.5383141762452108,0.0008333809049362957,True
F7,delta_alpha_ratio,36,29,72.56584299935236,74.77738952636719,66.4441369813064,66.08302307128906,6.1217060180459555,597.0,0.3255281657986049,0.14367816091954033,0.3732348797518487,False
F7,relative_alpha_power,36,29,0.022105537329076066,0.018260900862514973,0.026998640744593638,0.02242746204137802,-0.004893103415517571,414.0,0.15599954913015449,-0.2068965517241379,0.1957352833425523,False
F7,relative_beta_power,36,29,0.006154011902658062,0.004811266670003533,0.005629552568405353,0.004761042073369026,0.0005244593342527094,466.0,0.4639110264642372,-0.10727969348659006,0.5016273700792159,False
F7,relative_delta_power,36,29,0.9091268645392524,0.915252298116684,0.9146856336758055,0.9208338856697083,-0.005558769136553066,405.0,0.12418892821205156,-0.22413793103448276,0.16193262208042017,False
F7,relative_theta_power,36,29,0.06261352190954818,0.06005925126373768,0.05268615856766701,0.051667165011167526,0.00992736334188117,814.0,0.00011963876302562866,0.5593869731800767,0.00069182415140907,True
F7,slow_fast_ratio,36,29,57.4072126282586,57.47628593444824,52.90494971439756,52.5303840637207,4.502262913861038,591.0,0.3660058351212847,0.13218390804597702,0.4056564672594239,False
F7,theta_alpha_ratio,36,29,3.785020669301351,3.891767740249634,2.813504256051162,2.7685036659240723,0.971516413250189,775.0,0.0008616533204048856,0.4846743295019158,0.0024913019916054297,True
F8,delta_alpha_ratio,36,29,75.7455922762553,79.53089141845703,65.29291330534836,64.37837219238281,10.45267897090693,648.0,0.09768182397363567,0.24137931034482762,0.13675455356308994,False
F8,relative_alpha_power,36,29,0.02119848082980348,0.01678952481597662,0.02783049713691761,0.02351047843694687,-0.006632016307114127,361.0,0.034167845680137546,-0.3084291187739464,0.05680404344322867,False
F8,relative_beta_power,36,29,0.005556632531806827,0.004630371229723096,0.005197850328966461,0.0046155559830367565,0.00035878220284036536,505.0,0.8276261751136111,-0.03256704980842917,0.8599553225789865,False
F8,relative_delta_power,36,29,0.9119220889276929,0.9147514402866364,0.914228920278878,0.9199920296669006,-0.0023068313511851457,452.0,0.3590498361143668,-0.13409961685823757,0.40469176443398974,False
F8,relative_theta_power,36,29,0.061322855970097914,0.05746546573936939,0.052742798138281394,0.051446523517370224,0.00858005783181652,760.0,0.0017230084008563904,0.45593869731800774,0.004583202346277998,True
F8,slow_fast_ratio,36,29,60.248864544762505,63.62090873718262,52.56100759835079,49.881103515625,7.6878569464117135,643.0,0.11178667466377765,0.23180076628352486,0.14867627730282426,False
F8,theta_alpha_ratio,36,29,3.8164057003127203,4.120126485824585,2.751310475941362,2.661160945892334,1.0650952243713583,802.0,0.00022557678629854622,0.5363984674329503,0.0008333809049362957,True
Fp1,delta_alpha_ratio,36,29,79.79487138324313,85.94896697998047,69.47166554681186,66.87366485595703,10.32320583643127,651.0,0.08992605370495693,0.24712643678160928,0.1272357993910561,False
Fp1,relative_alpha_power,36,29,0.020289938250142667,0.016008494421839714,0.026665422455247105,0.021794280037283897,-0.006375484205104438,354.0,0.027073057141173952,-0.32183908045977017,0.04616303333046328,True
Fp1,relative_beta_power,36,29,0.004998778329334325,0.004654690390452743,0.005180166713122664,0.0043945894576609135,-0.000181388383788339,507.0,0.8482486491639653,-0.028735632183908066,0.874550932858972,False
Fp1,relative_delta_power,36,29,0.9145949764384164,0.917987734079361,0.9170187485629114,0.9225383996963501,-0.0024237721244950716,445.0,0.31270869773579035,-0.14750957854406133,0.36482681402508876,False
Fp1,relative_theta_power,36,29,0.060116264762149915,0.05685472674667835,0.05113566898066422,0.050665367394685745,0.008980595781485697,775.0,0.0008616533204048856,0.4846743295019158,0.0024913019916054297,True
Fp1,slow_fast_ratio,36,29,63.07883432176378,66.45262908935547,55.12627075458395,54.097686767578125,7.95256356717983,652.0,0.08745378382511751,0.24904214559386983,0.1264277527037025,False
Fp1,theta_alpha_ratio,36,29,3.988824547992812,4.155581474304199,2.825691284804509,2.7384121417999268,1.1631332631883033,821.0,8.173920331119775e-05,0.5727969348659003,0.0005776856463289168,True
Fp2,delta_alpha_ratio,36,29,81.78840335210164,84.37730026245117,70.0401711957208,77.26581573486328,11.748232156380837,651.0,0.08992605370495693,0.24712643678160928,0.1272357993910561,False
Fp2,relative_alpha_power,36,29,0.01975810770980186,0.015833011828362942,0.026699007777818317,0.019195234403014183,-0.006940900068016457,338.0,0.015451858970352013,-0.3524904214559387,0.028543017264678023,True
Fp2,relative_beta_power,36,29,0.005243189820450627,0.00445788586512208,0.004941788204977739,0.0041558281518518925,0.00030140161547288855,552.0,0.6970502460722026,0.05747126436781613,0.7357752597428805,False
Fp2,relative_delta_power,36,29,0.9153701994154189,0.9164032936096191,0.9170727976437273,0.9257652759552002,-0.0017025982283084273,449.0,0.338684621922942,-0.13984674329501912,0.38500046765599394,False
Fp2,relative_theta_power,36,29,0.05962847897575961,0.05731874145567417,0.0512864006490543,0.05010135844349861,0.008342078326705311,752.0,0.0024563770970473403,0.4406130268199233,0.005833895605487432,True
Fp2,slow_fast_ratio,36,29,64.19240840276082,64.7384147644043,56.29626431958429,61.1023063659668,7.89614408317653,630.0,0.15599954913015449,0.2068965517241379,0.1957352833425523,False
Fp2,theta_alpha_ratio,36,29,4.029222814573182,4.355085134506226,2.8629565403379242,2.888301372528076,1.1662662742352579,809.0,0.00015627423364721624,0.5498084291187739,0.0007966077617658359,True
Fz,delta_alpha_ratio,36,29,83.80435991287231,87.28943252563477,71.44051953019768,71.89002990722656,12.363840382674638,672.0,0.04850461382492683,0.28735632183908044,0.07679897188946748,False
Fz,relative_alpha_power,36,29,0.018748139729723334,0.015732472762465477,0.024617838544835305,0.02193359285593033,-0.0058696988151119706,351.0,0.024445567556098932,-0.3275862068965517,0.0422241621423527,True
Fz,relative_beta_power,36,29,0.004041108826640993,0.0035560675896704197,0.004347997275983979,0.003723591100424528,-0.0003068884493429855,413.0,0.15218616888733663,-0.20881226053639845,0.19462269675015165,False
Fz,relative_delta_power,36,29,0.9134882854090797,0.9189320206642151,0.9183930281935067,0.9230695366859436,-0.004904742784426985,444.0,0.3064253733112433,-0.14942528735632188,0.36388013080710147,False
Fz,relative_theta_power,36,29,0.0637224724309312,0.05823998339474201,0.05264108897796992,0.05123365297913551,0.011081383452961273,841.0,2.631927783302388e-05,0.6111111111111112,0.00031822399561747054,True
Fz,slow_fast_ratio,36,29,69.21515332327948,69.71170043945312,58.697220835192454,60.3590087890625,10.517932488087027,695.0,0.022819281330065583,0.3314176245210727,0.03993374232761477,True
Fz,theta_alpha_ratio,36,29,4.470564319027795,4.426405906677246,3.0527882740415375,2.9071855545043945,1.4177760449862573,819.0,9.12135231045658e-05,0.5689655172413792,0.0005776856463289168,True
O1,delta_alpha_ratio,36,29,62.684964153501724,67.45399856567383,37.01787336941423,25.28363037109375,25.667090784087492,809.0,0.00015627423364721624,0.5498084291187739,0.0007966077617658359,True
O1,relative_alpha_power,36,29,0.031516123614791364,0.020771419629454613,0.07214358195277124,0.06425851583480835,-0.04062745833797987,209.0,3.72352409950872e-05,-0.5996168582375478,0.0003809451578728152,True
O1,relative_beta_power,36,29,0.004658790816190756,0.004213152453303337,0.005904895454195553,0.005485188215970993,-0.001246104638004797,294.0,0.0026797401743129255,-0.4367816091954023,0.00614492143420033,True
O1,relative_delta_power,36,29,0.9024438129531013,0.9128935933113098,0.8681524395942688,0.872894287109375,0.03429137335883248,757.0,0.0019704661920090984,0.4501915708812261,0.004944754783720946,True
O1,relative_theta_power,36,29,0.0613812528964546,0.05787140503525734,0.05379908981508222,0.052312225103378296,0.007582163081372384,733.0,0.005470725497283342,0.40421455938697326,0.011549309383153721,True
O1,slow_fast_ratio,36,29,52.18944056828817,53.89101028442383,31.2477785965492,21.86840057373047,20.94166197173897,823.0,7.320040528685025e-05,0.5766283524904214,0.0005776856463289168,True
O1,theta_alpha_ratio,36,29,3.197467909918891,3.508385181427002,1.662284592102314,1.2289319038391113,1.535183317816577,859.0,8.965803382708e-06,0.6455938697318007,0.000170350264271452,True
O2,delta_alpha_ratio,36,29,62.332330518298676,66.86018753051758,31.968385795067096,22.90201759338379,30.36394472323158,846.0,1.96208246737653e-05,0.6206896551724137,0.00026095696816107845,True
O2,relative_alpha_power,36,29,0.03231730296586951,0.02028806507587433,0.08020634917092734,0.07897574454545975,-0.04788904620505783,167.0,2.893151254395032e-06,-0.6800766283524904,0.00012826303894484644,True
O2,relative_beta_power,36,29,0.004640030066689683,0.004090933594852686,0.006314117533700733,0.006106962449848652,-0.00167408746701105,237.0,0.00017369642925721233,-0.5459770114942528,0.0007966077617658359,True
O2,relative_delta_power,36,29,0.9020543876621459,0.9114488065242767,0.8593006647866348,0.8637180328369141,0.04275372287551105,807.0,0.00017369642925721233,0.5459770114942528,0.0007966077617658359,True
O2,relative_theta_power,36,29,0.06098830637832483,0.05910651385784149,0.05417885335868802,0.05316722020506859,0.006809453019636806,721.0,0.00880424005993742,0.38122605363984685,0.017220057764289365,True
O2,slow_fast_ratio,36,29,51.95851288901435,54.03681182861328,26.87804730185147,20.55942726135254,25.08046558716288,863.0,7.005937820347501e-06,0.6532567049808429,0.00015529828835103627,True
O2,theta_alpha_ratio,36,29,3.1784881899754205,3.3217915296554565,1.446625225502869,1.1052700281143188,1.7318629644725514,897.0,7.724631167876858e-07,0.7183908045977012,6.28905747420128e-05,True
P3,delta_alpha_ratio,36,29,77.22284147474501,85.38117218017578,51.475941690905344,48.004859924316406,25.746899783839666,794.0,0.00033976257580737744,0.5210727969348659,0.001189169015325821,True
P3,relative_alpha_power,36,29,0.022404815717082884,0.016363772563636303,0.040689263235906076,0.029835684224963188,-0.01828444751882319,232.0,0.0001331967505615573,-0.5555555555555556,0.0007381319926952967,True
P3,relative_beta_power,36,29,0.003927984456014302,0.0037439324660226703,0.0049091803455918,0.00466905115172267,-0.0009811958895774983,266.0,0.0007468391131969467,-0.49042145593869735,0.0023649905251236646,True
P3,relative_delta_power,36,29,0.9162480334440867,0.9203295409679413,0.901818598138875,0.9139705300331116,0.01442943530521168,681.0,0.036466103733203255,0.3045977011494252,0.0598764419322967,False
P3,relative_theta_power,36,29,0.0574191834570633,0.05480014905333519,0.052582977917687644,0.0507863350212574,0.004836205539375658,727.0,0.006960165724559376,0.39272030651340994,0.01402578850555147,True
P3,slow_fast_ratio,36,29,64.2685095469157,71.23274993896484,43.1277202080036,42.1977424621582,21.140789338912093,805.0,0.0001929333933962843,0.5421455938697317,0.0008277464942485745,True
P3,theta_alpha_ratio,36,29,3.653870642185211,3.9389407634735107,2.223665650548606,2.0187063217163086,1.430204991636605,848.0,1.742559343498981e-05,0.6245210727969348,0.00025751154742818274,True
P4,delta_alpha_ratio,36,29,77.19265513949924,88.78285217285156,56.23922663721545,52.34275817871094,20.953428502283785,748.0,0.002921521735751489,0.4329501915708813,0.006585803234829627,True
P4,relative_alpha_power,36,29,0.02362095026506318,0.015465955249965191,0.03531549373192006,0.029184376820921898,-0.011694543466856881,269.0,0.0008616533204048856,-0.4846743295019157,0.0024913019916054297,True
P4,relative_beta_power,36,29,0.0038711729381854334,0.0037281548138707876,0.004633623143208438,0.00428002467378974,-0.0007624502050230047,325.0,0.009509579809653773,-0.37739463601532564,0.01833005963310075,True
P4,relative_delta_power,36,29,0.9156828605466418,0.9231970310211182,0.9082399503938083,0.915041446685791,0.007442910152833493,614.0,0.22723711899882215,0.17624521072796928,0.27475033478948496,False
P4,relative_theta_power,36,29,0.05682499799877405,0.054911425337195396,0.05181087951721816,0.051055196672677994,0.00501411848155589,753.0,0.002351206007004961,0.44252873563218387,0.005685643616939269,True
P4,slow_fast_ratio,36,29,64.35931407080756,69.83204650878906,47.23111353249386,45.57269287109375,17.1282005383137,758.0,0.0018845703175318722,0.45210727969348663,0.004914663769249785,True
P4,theta_alpha_ratio,36,29,3.6404923780096903,3.844053030014038,2.380728485255406,2.2263033390045166,1.2597638927542842,802.0,0.00022557678629854622,0.5363984674329503,0.0008333809049362957,True
Pz,delta_alpha_ratio,36,29,80.95611206690471,87.35090255737305,57.27406422845249,57.56956481933594,23.68204783845222,773.0,0.0009470679064610063,0.4808429118773947,0.0026800006714747626,True
Pz,relative_alpha_power,36,29,0.02083883385380937,0.015272727701812983,0.03611734002057848,0.02808036282658577,-0.01527850616676911,250.0,0.00033976257580737744,-0.5210727969348659,0.001189169015325821,True
Pz,relative_beta_power,36,29,0.003618209027788705,0.0034245405113324523,0.0043267687734473365,0.004114254843443632,-0.0007085597456586313,303.0,0.003932835467148362,-0.41954022988505746,0.008717785285512201,True
Pz,relative_delta_power,36,29,0.9194165716568629,0.9249708652496338,0.9077334239565092,0.9147641062736511,0.011683147700353613,662.0,0.06562850089207134,0.26819923371647514,0.09591857822687348,False
Pz,relative_theta_power,36,29,0.0561263964821895,0.05398913286626339,0.0518224974130762,0.05091525986790657,0.004303899069113298,732.0,0.005697025339919875,0.4022988505747127,0.01183913078452099,True
Pz,slow_fast_ratio,36,29,67.5149589644538,70.76940536499023,48.26418850339692,46.928165435791016,19.250770461056874,780.0,0.0006783720753088735,0.49425287356321834,0.002200572829660492,True
Pz,theta_alpha_ratio,36,29,3.7559799949328103,3.979353427886963,2.4397986695684235,2.370901584625244,1.3161813253643868,831.0,4.676943082575269e-05,0.5919540229885059,0.00044430959284465053,True
T3,delta_alpha_ratio,36,29,72.32937473720975,71.14023208618164,57.21141611296555,55.05653762817383,15.117958624244196,709.0,0.013847241604215865,0.3582375478927202,0.02593919906141845,True
T3,relative_alpha_power,36,29,0.022479074153428275,0.018329627811908722,0.03075111599574829,0.027284378185868263,-0.008272041842320013,328.0,0.010662194931298937,-0.3716475095785441,0.02025817036946798,True
T3,relative_beta_power,36,29,0.0051334170404718155,0.004714690148830414,0.00623878895240868,0.0056975120678544044,-0.0011053719119368645,304.0,0.004100793010766143,-0.4176245210727969,0.00879686242632092,True
T3,relative_delta_power,36,29,0.9094356927606795,0.9153947234153748,0.909218679214346,0.915649950504303,0.0002170135463335221,522.0,1.0,0.0,1.0,False
T3,relative_theta_power,36,29,0.06295182618002097,0.05910404026508331,0.053791490479789934,0.052872929722070694,0.009160335700231038,802.0,0.00022557678629854622,0.5363984674329503,0.0008333809049362957,True
T3,slow_fast_ratio,36,29,58.73504670461019,57.87875556945801,45.450506078785864,45.076171875,13.284540625824327,751.0,0.0025658368058109242,0.43869731800766276,0.005986952546892157,True
T3,theta_alpha_ratio,36,29,3.7833712564574347,4.089359760284424,2.5169020541783036,2.4617648124694824,1.266469202279131,827.0,5.858882912134458e-05,0.5842911877394636,0.0005194876182092553,True
T4,delta_alpha_ratio,36,29,73.22806612650554,75.49872589111328,62.05416514955718,62.2065315246582,11.17390097694836,664.0,0.061853255466888586,0.27203065134099624,0.0914053664121798,False
T4,relative_alpha_power,36,29,0.021597223097665444,0.017985309474170208,0.027344048537057023,0.02396615967154503,-0.005746825439391579,361.0,0.034167845680137546,-0.3084291187739464,0.05680404344322867,False
T4,relative_beta_power,36,29,0.005812644065978627,0.004792354768142104,0.005709436232352565,0.0058647338300943375,0.00010320783362606153,443.0,0.3002262841988489,-0.15134099616858232,0.3597305927788009,False
T4,relative_delta_power,36,29,0.9111805955568949,0.9166924953460693,0.9139560440490986,0.9193964600563049,-0.0027754484922036804,464.0,0.4479628724794451,-0.11111111111111116,0.4883529675390672,False
T4,relative_theta_power,36,29,0.06140955382337173,0.05748412944376469,0.05299047226535863,0.052179157733917236,0.008419081558013103,784.0,0.0005585934947692202,0.5019157088122606,0.001857323370107657,True
T4,slow_fast_ratio,36,29,58.074088202582466,57.851919174194336,49.32450333957014,46.536529541015625,8.749584863012323,673.0,0.04702029490870681,0.289272030651341,0.07534577376937357,False
T4,theta_alpha_ratio,36,29,3.7016527785195246,3.830385684967041,2.666694452022684,2.5904252529144287,1.0349583264968407,808.0,0.00016476881542033524,0.5478927203065134,0.0007966077617658359,True
T5,delta_alpha_ratio,36,29,64.78451567225986,70.84073638916016,34.85046250244667,28.45914077758789,29.93405316981319,837.0,3.319072037371041e-05,0.603448275862069,0.0003678638174752904,True
T5,relative_alpha_power,36,29,0.029280885562507644,0.01894845161587,0.06975865929291167,0.06340337544679642,-0.040477773730404024,177.0,5.45984448425048e-06,-0.6609195402298851,0.00015529828835103627,True
T5,relative_beta_power,36,29,0.004667751135356311,0.004435747629031539,0.006363908053729041,0.005925293080508709,-0.0016961569183727302,242.0,0.00022557678629854622,-0.5363984674329502,0.0008333809049362957,True
T5,relative_delta_power,36,29,0.9025026758511862,0.9114184677600861,0.8687153253062018,0.8786643743515015,0.033787350544984385,753.0,0.002351206007004961,0.44252873563218387,0.005685643616939269,True
T5,relative_theta_power,36,29,0.06354873451507753,0.05831991322338581,0.05516208772515428,0.052341412752866745,0.00838664678992325,740.0,0.004100793010766143,0.4176245210727969,0.00879686242632092,True
T5,slow_fast_ratio,36,29,53.80128078990512,56.28170967102051,29.447026844682366,25.5894775390625,24.354253945222755,849.0,1.6417764936466683e-05,0.6264367816091954,0.00025751154742818274,True
T5,theta_alpha_ratio,36,29,3.375964879989624,3.7733601331710815,1.6065737399561653,1.312238335609436,1.7693911400334588,894.0,9.457229284513203e-07,0.7126436781609196,6.28905747420128e-05,True
T6,delta_alpha_ratio,36,29,63.177516036563446,68.62953186035156,37.727938158758754,30.088327407836914,25.449577877804693,806.0,0.00018307751614048264,0.5440613026819923,0.0008116436548894731,True
T6,relative_alpha_power,36,29,0.031399319517529674,0.01997385360300541,0.058672400384113706,0.05690690502524376,-0.027273080866584032,223.0,8.173920331119775e-05,-0.5727969348659003,0.0005776856463289168,True
T6,relative_beta_power,36,29,0.0046641311168463696,0.004178861156105995,0.005802235822996189,0.005408022552728653,-0.0011381047061498192,281.0,0.0015044243648216504,-0.4616858237547893,0.004083437561658765,True
T6,relative_delta_power,36,29,0.9008318997091718,0.9077209234237671,0.8818612098693848,0.8870233297348022,0.018970689839787003,702.0,0.017844725949233798,0.3448275862068966,0.032511623989699936,True
T6,relative_theta_power,36,29,0.06310460312912862,0.05874500423669815,0.053664200393290354,0.05211956053972244,0.009440402735838266,775.0,0.0008616533204048856,0.4846743295019158,0.0024913019916054297,True
T6,slow_fast_ratio,36,29,52.79952618810866,54.97721862792969,31.92903028685471,27.770606994628906,20.870495901253946,819.0,9.12135231045658e-05,0.5689655172413792,0.0005776856463289168,True
T6,theta_alpha_ratio,36,29,3.3075475146373114,3.389480710029602,1.6757837821697366,1.4194096326828003,1.631763732467575,865.0,6.1868375802057775e-06,0.657088122605364,0.00015529828835103627,True
